measurement_id,prediction
0e80673b-8c90-474f-8388-00fdf25795e4,0
a7b61d40-9f26-4878-a2d7-bd766b8ae6f5,4
fc851afd-133c-4e8f-8deb-0079cc442358,0
90c2c320-1007-47b4-9f8e-cdd37067dfb2,4
379fd23b-e38f-4214-8a70-7a829004359f,0
6877b35f-474a-41b6-ab7b-d9fdcd3155ca,4
9e37d451-afba-494e-a531-e1c459c65a55,4
e94eee19-58a8-485e-b7e6-627ef92f5d32,0
22f6b2b7-d4e6-4066-a2de-0e2f3a62ee65,0
9afe4f12-18cf-4457-9f15-d90528b7d0e2,4
3185e61a-ea2f-4d65-a698-12e1e7b9ccb1,0
b40e9fdb-f9d0-48c9-a45d-49d52bbcad57,4
2c1367bd-3c90-490b-a04d-1e10a841dbe3,4
b56726c3-576e-4e8d-85c3-adb471e8eb42,4
04029adc-f6ab-4f68-b8fd-04076cea597d,4
83f9b27a-02ff-43b0-a5f7-5005864be79e,4
b181a5b7-f836-42de-aec5-48d2bbbbcdff,0
69d06ab0-8013-4e74-b4be-169fd49d0e4c,4
022feb7c-8c8e-438f-bdf4-c9acd8116527,4
39d1af70-eb4a-4fa7-a96f-8b7d1697580d,4
c6577df5-9a7f-480e-8ea7-abd46a3e74de,0
d2c6d64f-f146-4d00-b0e6-e71b5767c79a,0
daf3f51b-a409-471f-a99f-84ad0c8a3adf,0
7598e18a-79c2-4936-a951-b9aedae10d31,4
3c00152e-4195-420e-8896-d25c761d451a,0
1d4dedab-eca3-48f8-9e29-c4054224af62,0
95172959-2b90-4d0d-921b-03a31109038e,0
ca727f5a-4256-4ddd-9140-e982c7d27980,0
2c888d68-42d4-41d3-85a0-6509c76ab398,4
a5972e05-da4e-4102-9c7e-a8bb90254d64,0
7e0558fc-95af-4fd8-9e8d-6d4f8398c799,4
d1cdceb1-7951-46d4-8ba6-daf2a38bff95,4
23ed1d48-4161-4459-8eeb-d1c40e83a51a,4
092cc943-3571-447f-8e2e-2d16613c280e,4
dfc7ebf9-6bcd-4789-936c-5fc062c66eab,0
23f9e909-5e1a-4c8f-adc6-cd3ee806206f,0
778e0940-1a29-4aa7-9888-b2aa74b335ad,4
84ccc0b7-0216-4d5e-8b00-bd4be7ea84b5,4
1825a212-9aa0-43ae-9e53-b4f9ea790be4,4
cd952c10-bffe-4b96-825a-9e45abb8787e,4
103e9f8e-7fc7-4736-b3af-a7782ad1c9fb,0
7a806e8e-6191-4b77-87e8-362bb37872e7,4
d7757de7-1f5a-4dde-baf2-5af2d102b0cb,4
17c94803-e6ac-4549-9cbc-d70ca66446df,0
73244280-7696-49f5-b298-5c68a1a675e9,0
f6d1a88f-dfc6-40f9-aef9-d90727111239,4
31e84552-7c5c-48d1-a2ce-2dd83e322824,4
e4d0c583-42f5-4a42-bf7e-a7236a147a3d,4
62747566-729a-41b6-8ba7-7193e5cb451c,4
fa1fc4d0-66c8-4a95-83f4-2d8437361c4d,0
bd1c3fa8-a239-4ffb-a5bc-31eb5e2dad16,0
69a43336-fad0-4f42-bf2e-786f69c7f405,0
5da97c56-74b9-4785-80dd-29563347f400,4
97289e8d-3b03-4da6-ab62-3771ddfb1670,4
e59e68e4-6bd7-4a99-a571-9672d1157eff,0
0b93f094-9b08-4f9e-b432-c0d4fdbc7791,4
86dbb6e5-fa50-4a3a-8ef0-6689df8cdc3f,4
5dd58951-8b6f-4e2a-83af-0f649a57707c,0
b904abe4-5322-4a8b-9161-faadb0703206,4
241a2496-ce03-493b-bd65-05a4dd38c169,4
5c80d968-7c92-4000-8cf4-5364330121c8,0
a852a9fe-0433-496f-bcaf-c2ebe56f19ff,4
a399ceba-28b7-4138-b917-d31c136faa2f,0
1cc69fbc-ce9d-4c11-bd75-ceb7a4e2f2fa,0
d78da232-4dcd-44c4-a649-80d8be3934fb,4
1544040b-8dd9-4597-a092-135eaf213f79,0
2ec01f50-c935-45a6-aa08-7dd3d216455b,4
d5fe0e1e-2e4d-4ea8-a09a-e91fee4b42f5,0
6132f1f9-46e8-44af-b1e6-d4522e983eb6,4
a53c7b13-1dee-439b-ad84-982669264c59,4
47160a0f-123f-43d6-8ca0-56fc5e6c9fb2,4
49af4f2c-fe13-4b54-b670-7d36297bc7ac,4
66ef585b-5ce8-4421-a120-bcc4f57ed604,4
c90ccfe6-d18b-405c-b26f-dc1a11707433,0
5d9f162a-44d4-4b59-90ee-6ae47e44d786,4
22c50d1c-e021-4e8d-b3b8-3d0951870419,0
4b750e02-cf02-4aa9-bdc7-4a8c98a3ba25,0
95c81e0c-e18b-4adb-9858-7274e7cd0fdf,4
0142fbfb-928a-459d-a8be-5828a79a79b0,0
4b49bc03-55b9-473e-a258-a68b1c124deb,4
5db1bb11-a78c-4083-9d31-d9b3e7c9d9d8,0
5dc6a59f-a319-4983-a07d-93351b5aa2e4,4
33462b33-21dd-4554-804f-bbc9218897c8,0
c651896e-7b27-45de-83fa-d97dd76e25d5,0
52b56a53-2df9-4042-9015-0f22c8c13308,0
9372ce6a-31a0-4cb6-875c-0f40d89334fc,4
cec373e7-4459-453b-bf4c-e7d938f35291,4
716a2dd4-8041-4e8a-936d-7accfe800a86,4
e43545d2-b577-43a6-8c7c-df5f9781cc2d,0
6a05f9fe-5e74-4a07-873b-5b825c2f2194,4
d6463078-a4dd-41ef-a720-5e71913bdcfe,0
22092cd3-5a81-4f30-9e69-5f0d3347af14,0
15445d85-4081-4bd7-bdfb-fee52df65bdc,0
21393024-9574-4267-833d-4ca0d1acb5f3,4
07afe057-8741-4232-b058-65d1476bcee5,0
42a556ed-86c2-4d24-9357-3e805a8e1c24,4
38de1867-58db-42eb-a0bf-536c66a48491,0
156dea1d-9479-496d-b6f5-79a649548415,0
406ada2c-86c6-4bcb-b491-72c82d7089ab,4
898c2a11-870c-4d48-9591-943cff749fcf,0
5dd14176-5c89-4ced-ae6f-57d70b66baa2,0
c6e25c98-f550-4d31-a18f-68078c6995e6,4
5f77ef32-1dd8-4587-89c4-f3e261d21b67,4
f6acded9-1a10-43a2-8adf-1c852a9b0dcb,4
e030df66-1915-4570-bfd3-3c773a2a113e,4
120606a4-7363-4f0f-a808-0630b4e0276a,4
479e63e7-6436-4acc-ae8f-ecf64f0f1132,4
281ab512-91a1-46bd-a8fe-8cc820cb1b27,4
3812149f-1067-4e19-96bc-806115784501,4
01cd60b8-37d5-483c-ad36-ef0dc746203f,4
84189abc-7584-484d-9e5f-0d4781a41055,4
2b131215-f75a-4352-a93a-d7bb868c9878,4
26abe103-f7e9-4b22-910d-f1efbffc4932,4
e6a7dfc5-3348-47a2-88ba-2df7a736f1ac,0
aff559bf-c5cd-46d8-9802-265f78ed8688,4
bf2d7148-91de-44bd-b9a3-e29b1c2598c2,0
aa432d1c-66db-4b72-9091-d3358393185b,4
aedbc258-d8f7-4a99-9cfc-6efd6aa4966d,4
438a093c-6dd1-466b-a877-339e1e6b6d8e,4
82966658-53ad-4c19-94b1-d10f0ab4cd7c,0
a8708af7-f812-4602-8532-966e3d6db08b,4
b328323b-3a59-4bc9-89fd-163608f83a67,4
7fc83e76-54b5-429a-b76c-5e0ce6253499,4
995570a7-dd53-42d2-958a-d7c20e7f9ec8,4
38516741-f356-4912-8bfc-c8af2ff4889c,0
b2f697c8-7c9e-48a2-a6ac-4a4e4cf21286,4
79245cb6-80f1-4503-a9f3-4a6d8046c498,0
b455e3ab-cbd9-4282-b464-10b5664636a6,4
e14037e2-aabb-4e06-a065-ed5648decaae,0
bd97529c-932c-43e3-bead-874907102176,4
5dd7f0e8-e06a-4aaa-b18d-44e01390731e,0
a9108b24-3601-4cc6-8b31-cb7e644e5fbf,4
b42aface-e443-486a-8fbd-99308083d9ed,0
d7df7471-2cbd-462e-b642-c00e0505a604,4
39f230e3-1afc-44c3-82eb-0f14f4ace351,4
d2c15ffc-499b-457d-8689-d7e4eaa93d59,4
70de5779-e5ce-4056-953c-bcd7cd2b5c95,4
a3832cfa-0cc9-40ba-ab33-ba0afd18aa4e,0
9e4592bc-4cce-4fa1-b7c5-dd40d77d66ee,4
1a276bf5-db32-457f-ac8e-a343b2b6cc1b,4
38185b7b-24bd-4c88-94a9-8744df26aa70,4
bd12c63a-61e2-4868-8bc5-d2288ab1afe7,0
9c6906ba-381d-46a4-afd2-52ec66bdd3ae,0
71c889a1-56f6-4924-bdb1-8dfa987f785e,0
853289c4-c0fc-449c-a8f4-3640ea137a61,4
10d6259a-10d6-4146-a7a2-55bb498bb28b,0
a6b53b97-cfeb-48bd-af3a-0aa645b68f3b,0
66699874-6f3c-479f-b10a-efe64c580ed8,4
3bbce5cb-b339-40ec-8101-d0d44e9fff22,4
3093d067-d59c-4ba0-9b69-12290e693f46,0
ae3fef33-c656-4214-bcc2-27dc251870ed,4
82ded7de-c120-43af-8379-0d05aff836d4,4
da395648-0452-423c-9009-4a8f3feebb46,0
dbf25d01-dbc6-499c-b7e5-f0f31a62e56d,0
bdcb3256-6b24-4933-9e19-40a31e355552,4
8c8c8355-8784-4a50-a11f-45351f7d9a82,4
57afb2ff-5b4a-49d3-ba5b-5009d470893f,0
c514731e-ed08-4da1-b3db-249c450e008d,0
d38181fe-f7cb-44cb-a587-00e7a3f14d31,0
83927287-9aa6-492a-a1ca-2d2626b2e1e1,0
80eb6c5b-53f1-4611-8af6-5fb11651ba59,0
50936b26-378e-42d1-8b95-93b3a356d44d,4
35c9c7ab-2ef8-41a5-af95-43f15beb1c8c,4
217bd0a1-4894-475f-9d41-72a5a1f73bde,4
75644dbb-0f98-4f35-9850-b5fa05538471,0
0d1559b7-f833-4a70-8564-53650420eff9,0
975bb697-bfdb-43fa-8957-c5c30cf63858,4
ecaf27db-ceda-41f3-a7da-fa6c42596e30,4
015f26c8-42ce-4bca-826f-c8b3ce16a452,0
0a1c2ea1-00a2-422c-aa2a-2dc108070be3,4
dfaa3318-a35a-4723-a34b-7700497e346a,4
a7335a11-0166-4f99-8b4f-fe55028cff45,4
64c41e67-f596-4b5f-91a5-0a008ca7ef59,0
a0af0fd0-cfac-4af6-9efd-c3f4c45a120a,0
431b2303-3e9f-4348-b847-853f9ac88687,4
17a12b9e-7675-41cb-9be8-453f29fe0a1c,0
0d376bd2-1d06-4ada-b906-9a8a5b2f69bc,4
405275c4-695c-446b-a280-a83b09652ebf,4
176d9270-4f4b-4038-9da9-729128362237,4
43243ae1-bc3f-4d8f-ba35-32e635e9c7de,4
00d7eaec-9970-4167-aee5-41aaadc6117e,0
795c84a6-fa82-45f9-9146-4bc4f05630d9,4
0ef3ef3b-3119-4dfc-802b-b6e2d44e025c,0
07047e29-da23-4401-bcf6-263535805df1,4
7f323376-f04b-4e1c-b690-4200c66b0c97,0
ccc98115-a6b9-4a8d-8a5a-34441de6b00b,4
fcc20a9b-df06-4f54-822d-5e78037a301d,0
46152420-df14-48e1-a6c1-89d99ffa7bb2,0
b31841bf-dce6-4cb1-9389-2b3d2810a9ea,0
64ba5199-8ef2-418f-b277-a6620ce63d44,4
a255c912-d5d3-4ee7-9c70-f08d7eb3fb8f,4
aab35530-949f-4732-8389-8a835490f7b2,0
1f85434f-b515-4568-918f-206869d7f482,0
bc4c0f07-69b2-458e-a5a4-a1f55d1ee436,4
f4bad751-3971-4857-b401-b79f1acd2386,4
d97bc0f7-f90d-4bf0-b167-3e781dfc9e5a,0
15219b82-5df1-4d31-b87f-997819ed8327,4
21ba85cf-5a6e-42b9-ac97-27605b90e8af,4
fd284042-056e-4f7f-ac39-8f93e682ccd7,0
d0ebba8f-6bb8-4943-a2b2-be6e8da859db,0
5fd5fb65-0fd9-44e5-9931-b99f9060e752,4
bc1f2779-204e-4b67-9031-dec434c12514,4
fe1208c3-d03b-4c29-a36d-0e71e2073f69,4
eacf01ac-6015-4676-b733-6bd9d9533fa6,0
47821039-4112-471f-ac6b-10313e23dbf1,4
d4578a88-dcb3-4bf9-b782-a91062a442ce,0
3bd35dbe-92cc-442d-ab49-edf62123c3f9,0
1982ba81-41b3-4481-b6f1-f445d5eced37,0
a9049769-e694-42fa-aff9-9e2b31e42bdc,4
72419e70-1a0f-4adc-bd4d-6d79e3c147e9,0
aa9a5962-810a-4953-97df-8b1b50b84da6,4
8c7e7081-ac78-4740-a1be-9a51c431e238,0
e51dab93-7f7a-4e5c-977f-35fcef4c4d6d,0
4970ba18-02ef-434d-9fb8-16007c866121,0
ba422cc8-8776-4578-9396-5a5e42c3f5fb,0
6b4f601a-e7a4-4be6-8580-42b4ac67fdc1,4
51a2f2dd-68e5-4c82-91fc-510e02ea15a6,4
c1d046e9-5932-4740-89f1-915d540471e0,0
441ff3ce-cf87-4083-9c99-d0f12676c5a4,0
23ac589e-d2a8-412c-8c3b-d169f38e8063,0
84cffb62-b7c2-44fe-a1e5-24e882a74928,0
bcddfca4-138b-420a-a45b-8ae5871214ac,4
d988c60a-c1d8-4c6a-ada8-11e5d80bba5d,4
10b284a6-a828-4a27-988c-acdf482fcb56,4
baef7ea8-d715-4437-aac0-027d67fc2020,4
63e82d2f-b54d-4a9c-9355-d09cdc404619,4
37dd73be-81c4-4d59-a3a3-c98051ef2bf0,0
3b256c28-4bed-457e-9752-f3c77a8cd868,0
2456e72d-ef22-4d53-bea0-9408a195cf9e,4
8c3f2e2c-7253-4aa0-ba36-849a401fd8aa,4
1dcf5272-ad9d-4573-96f9-634cb0cfcc7e,4
a2a456ff-a8d9-4dd3-a9a3-525bdbc951c6,4
7ad3aa50-4362-4f54-856c-556f398a2da1,0
738b775e-a1a0-4c0e-879d-d1db8a12aa41,0
d805f5b4-3907-4731-a1c1-5066c7ecb9cb,0
3dc31514-15c2-48f9-a4c4-bd88078e07ba,4
98f22e40-9bc1-43b9-a9e5-ace4a60a4d7b,0
ea52fa28-f421-4e3c-8e18-9a620765b0c3,0
711a4f48-0edd-46c9-89c3-fe8571fcdbfd,0
aee23149-80c0-49e4-a7e5-0d4a5e6f275d,0
0b1aa762-6a2f-48b2-9189-48296eeb76c2,0
0f85157e-d665-4739-9620-ac416b6d8b22,0
a4369061-a1d8-4333-8bee-3bea42d45cc6,0
d640dca9-fd2b-4785-8afe-324b85b16f33,0
cbc5e471-0bd8-4fff-a215-2624fab9df52,4
5e776738-2fed-4ce4-a08c-6a6c62db3135,4
962fd15e-59ed-44d2-9639-b6e81d241219,0
010beb2c-8eff-4bb4-91be-78cf640f1436,0
6bff85a5-2831-4f1c-992e-f5bea9d605c7,4
7344409d-0b03-469a-bcdd-1d8ad5afa75e,0
44475563-567e-47d8-a8e8-2cfc0f9c5eb6,0
e1c2e4db-8ae2-478a-bdac-14763f2104b2,0
07e5161c-4b81-45c4-a893-9f7b5cb7ad34,4
fb035713-3c07-4bbc-bdec-fce0387f6845,4
cb729990-f19d-4526-b9c5-498cbb761851,0
dd5a8746-670d-400d-ad46-1fa581d56c6f,4
111a85ad-b140-42b3-9680-d21726e41370,0
c8c83c90-7350-411a-8a74-a904d5e701e7,4
997fcfeb-332a-4b4f-bc8f-a52658329dad,0
69680762-5c45-495e-9bf9-c2b72ae87b63,4
c2f73b1f-a34a-4b17-a74f-94c178978d5e,0
120c998e-e5be-4230-a57f-87113db9e72d,0
0b4b6c15-7ef4-4cfc-85ee-f6a896478e50,0
c74f5fb6-4d7b-45c6-aff1-d4b7b9ff2940,0
1561597f-cc17-485a-980c-c3002a633e74,4
3b1c92ca-010e-4cf0-9ff7-a3a533d93e47,4
a9d5eb14-9f6a-440d-b2ff-ff975269085a,0
dbde7392-3293-4ef1-ae5f-f82c932ac95e,4
c5958651-8695-4d6b-b8c5-9eb6c6866078,0
e4aa5140-9dea-41cb-9ba8-f7867d1fc856,0
73356754-a82d-42f6-abd9-6c45f98cf900,0
d59a15de-753a-4758-a5fe-31773d5c7357,0
0e0d239d-d565-4c5a-ad18-316371dbdf05,4
37a33e74-e731-4ff1-bd10-89f50dceefc4,0
7861e1db-0d9d-4247-be4b-a8300c5b8aec,4
bd95d018-7e3c-4d00-a729-94b7f3570646,4
21d2cbde-de62-4556-83d8-650e94948ef2,4
03791308-4d3a-457b-bd7d-a5fc1e14412c,0
23e8f29e-71d0-413a-af83-139d7b8d500b,4
d2e700d8-93f2-422f-867e-1440749c910a,0
541a3f7c-0618-464c-8444-13f86cbc7a71,0
786dcd4b-a647-4959-a3f9-47cb87649607,4
6e5cc80e-b299-4e14-b8b3-e41608b290d6,0
0077eed2-5655-4352-a085-b4515f8f05e3,4
46916275-ecbe-45dd-816c-5e0f0fb93175,0
8fa98619-7fb3-4c5c-8a63-d8ff870b4125,4
61c386b9-0a84-4770-aec6-881354df1a4c,0
380c800b-04eb-423e-a9fc-a3d9b4ac35cc,4
5bbf4328-7a85-46cd-a525-a8f59ba459d5,4
574d6f19-3b2d-48a4-acab-96ca209c49ce,0
f8c711e5-9454-45e2-9bd0-74fdfff1b564,4
9c2b4538-a236-4d97-ba2e-afe6d9c4b00d,4
7ec8f788-b8df-431b-8c2e-520e558b0cf8,0
1999c2d0-4b75-4825-b93a-ddaca83f7902,0
ebc94d5e-559b-4dd4-b73c-426eafc4fb32,4
e19233ad-5568-43b2-8a3f-d989dd2bea52,4
5d9d2edc-ace3-4a12-8758-e62f365a07bd,4
8523eebb-cf24-49ac-a2d1-2e8a1529673f,4
7fd0b9f0-8adc-43d4-8c58-daa54898794c,0
cee2fb65-aaac-4767-86e1-66424c087e58,4
e45aab0d-88b9-4ea7-b981-026d18e10892,4
ca058351-4892-4ef7-9ac1-f9f849b2622b,0
18514552-b180-48c1-b179-dfb81621acab,4
1af545b3-9673-40e7-bf8e-9b798f11bc8d,4
39910578-e327-486d-8d18-22d11d09e402,0
2f3ddc79-1cc3-4cb1-86c7-d1cc164cc9aa,4
772d218a-bfc0-4de5-848e-903b5c267728,0
75ac223a-480d-4160-8555-b9ee5113e9e4,4
0c4d4991-c1a0-4bd0-8cc7-c88af43bc471,0
bbee12eb-294a-451d-84d1-7e6f4227280b,4
70b99897-a95d-4d66-b651-c76aeebfcb48,4
fa3cb32a-5efb-4860-b676-564b0b3b30a8,0
e088de9e-769e-4820-b86c-91f2b99d61a4,4
6626fbc8-c875-4df8-b92f-e06a2223e236,4
cf1f3a28-d711-407c-bd52-ce34bef4a9b5,0
bf7585f9-fd2c-48df-8e30-aad8eba7c282,4
6b6ae726-bd67-4f87-8526-000c03c1285b,4
cbdb3aff-d2ca-4b9e-94c1-0faa0005671e,4
9df1706f-4e3a-47bb-a408-718d6ca749bb,4
4d135e04-29bf-476e-aa5b-a7d60ba4df14,4
30fd6182-6369-4c08-981c-cf217959488f,4
4078789d-a318-4b94-bec6-b2f19e617d3b,0
0e16cf6d-301a-470a-b4a9-3fe8fe0ef946,4
f69e81cb-85e8-4831-8fc3-853e48f88cae,0
acb562c0-3c27-4e8a-be6b-4f8a2726d624,4
78327267-843b-4975-aa1a-b81bb7339749,0
80cf1855-0056-4b93-9759-a55dc50c0e9d,0
95adb9ef-5872-4b1a-a0a9-dc6539e42790,0
73f4561c-1d18-45ba-b42a-9e294a147bec,4
92f886e5-e234-46ca-8ffd-8a4c09e7b970,4
ec9b9d37-06a6-4962-98aa-656314473c05,4
dc211ad8-5590-4fe5-9e03-fc196e288f05,0
560da91c-d214-43b9-9387-2c3ee8da25a6,0
fa276b18-f2d7-4b4c-97f3-760e36c0358c,0
a31d1d73-dbc5-45f4-9399-6d0a1d31f822,0
d3dd9fb2-4661-42fe-9409-1fb08727c165,4
fe220241-3711-4eb1-9473-22f6eddaae47,4
1e0b9685-3c5c-4e07-abf7-4ca4112c3d40,4
48f235f3-9dc4-49a6-a257-2577bb1774e9,4
0c416dd4-9e1b-402d-bae0-95412d2863a0,0
c9f08fee-7fa1-49d5-b82a-1f25e76c11d6,4
57ac5b6b-a7b6-483e-8566-aec5911d44db,0
7e71cb5e-d0b0-4eb2-975f-dec0c6b11d3b,0
28f5b0b8-9e51-44f7-8a31-ef758ffc78e1,0
14f314b8-da4b-41e6-9d44-2156cd156620,4
d2037032-aaef-4e9c-9c12-f4c43ab60c7d,4
a0d3479d-0421-412c-8d64-fa27136f2a32,0
093d7fec-fd7e-407f-a91d-fc965f57f267,0
0cb3877f-4920-403e-b694-4dc7a01e5b64,0
89dee654-f569-4871-b9a1-3e930df073dc,4
309a2cb8-3a37-44c8-9ec3-8e18b4bb971d,4
d65e8b8c-0e67-4144-b844-ae8f5af2c94b,4
869d7307-940c-4f6b-a337-a3b1cb03adec,0
85d29fb1-ee55-4c12-93ed-827d4c71aa24,0
04f49117-f5a4-4f16-8683-e5217925a9a6,4
e5fc7c29-5d9a-4488-8cce-86c14853fe0a,4
a715c455-b796-4492-a30b-995653ed5248,4
3bf151bf-8928-4547-9ba1-ae32cdda002e,0
b055f815-b41a-4ac3-a25c-20316e64c200,0
baf0a52d-8f24-4326-a87d-7ad52ba0a6f6,4
2a673542-8cda-4725-afd5-f8149dd647db,0
f1912101-4942-4f36-81fb-7a7c5d20fbdd,0
8fd6cce1-c808-4b0b-a91e-3d3084753858,4
320c3116-8494-426e-9656-7167bd3918e7,4
e5fbdb4e-1f83-4a7e-8ff5-376ca5aed732,4
bf94866f-81c8-4a79-8543-9f02bad3adb0,0
3dc04f80-9e28-491b-8ebb-c806247fae18,0
e3a5c8f6-8705-47c6-8135-a4c33ef9b9b5,0
b699c62c-eb4b-465e-8102-a4717777de22,0
5b081e11-d574-4982-8699-f57383a8ae68,0
c7def2ce-01fc-4ae8-949f-e71408291b4e,4
978f2b80-b1c3-424e-adbd-8bf180257d83,0
2c73b02f-9a5c-43bd-904f-15fdc568b903,0
daac0651-f380-4f83-8539-96a965c90539,0
6c9921a5-ff26-496e-9eed-56c49546f50d,0
7bf03ca6-0550-48a3-83f8-31a1deb48cd3,0
bddf495d-0bc9-4105-bb0f-db58ab1052c8,0
a997220e-0d56-4c1a-a32c-49860dafd38e,0
7d312d83-cca0-4bd1-b912-de8d4124aeea,0
a69ee2df-3829-4dd2-8f80-c1e3e912cce0,4
20806017-2c83-47be-b584-9907d236c37c,0
c05c6176-d4df-4fd3-91bf-6c76c3a157b3,0
d589bfce-5199-47ee-8a42-caf14910620e,4
ddb8178e-9b5d-4146-9941-bb24e1161c2c,4
60e6bb2c-c6f9-4eb5-8d8b-91f87bd78d1d,0
0edb7852-fec0-42c6-a673-0a95f78e8e16,0
9701cc80-f09b-4b34-a5ff-561e58580c0b,4
003ded56-c3d8-4d24-8dac-5a6a1c6b0943,4
f3682d9a-4104-4409-84f5-186dd99c3251,4
6f5ec06c-99c4-4398-9ce8-36a4df7e50be,0
1b640cf2-2da1-41bf-b5a4-a0de1d1aebbd,0
506d9749-3e54-4466-acf2-9217cead42b8,0
d8df83e0-ef63-4636-a3b6-f4438f58a702,0
9442c646-6235-4dde-80b6-51af27fd5f22,4
835dcbee-5b98-43a2-bffc-9e0a0cf83846,4
d5b1f79e-1bd6-4dea-b02d-652a6423a5a4,0
12087096-f9e7-4a50-9205-3d125ae29c72,4
9eba7b7c-5e4c-413d-9331-20a18da261ea,4
e068167a-7fc1-4d4e-b6c5-b74f01ae8a52,0
ab1182dc-1fe4-4805-aa0d-1a70357788e7,0
0deb6934-9a43-47eb-b10d-cb981ecc1a33,0
b557d2ec-68c4-4022-9f79-070e0d159ed3,4
ac47212c-bc4c-48f9-9d08-e5507bdf2490,0
d9b2b142-dfb9-41c8-8a0c-1da2392e5d10,4
413e792f-51c4-4b96-b08a-666bbc38ba26,0
081e46af-9390-40d5-a95f-e332ef15cc7e,4
280bf22d-1b7a-4cd2-b9fa-df00bb2a08a3,4
e8e59d6f-54f9-4b49-a82e-a0599036a01b,0
5f44f6ea-117e-4b4e-80f1-63df0dae914e,4
68d2a170-4f83-4126-9d3f-a2674bea7bdd,4
8392f9a2-c837-494e-862c-a8bbf1a442b8,4
988d8ca9-d133-4dfe-92e9-78dbb6728284,4
3c4f7706-0759-46e0-a415-cad657fcc179,0
88a90a82-9d71-48c6-9fe6-2248c4e3631e,4
49f309a6-9ae7-41fa-999b-6732c28eb997,0
2b378d70-c169-4691-9962-61e1fcd59ea8,4
866d95d3-4026-4826-8db6-da3694e9313e,4
dce71d5f-c17f-402b-8d1a-9fe931c546ca,4
59efc72f-d139-4211-8447-579684faf7e8,0
ae63b1d5-7e64-4ff1-874b-430f178a9e93,4
a28c1e7e-61e3-43e3-8743-89077d3b41d1,0
bcab70e7-79a4-428a-a3bd-d2fca552d200,0
358324fc-a857-4bc8-82e1-9701c05b296a,4
21119dc6-a587-41e7-abaa-35ebcb80a122,0
3f81b523-2a2e-49b1-823a-5d2809ab1463,4
501cfecf-165f-4031-9131-89124ebcef05,4
7300f730-96f1-45f5-881f-062ffceb260b,0
c0b83015-677a-46fd-9db4-c57cceb5cde7,0
47332941-4b2c-4c82-9c59-be7d35d9b9de,0
b80b0c02-cc84-439d-a86e-47c568974f7f,0
7a04c770-40f1-40c8-8f87-3e5172ab583a,4
12932cf6-b26d-4c5b-8e81-d88f8969bc57,4
dc4d658f-c7d8-4afa-86f3-216f01448d6c,4
211bebe6-0b20-4a0b-abd9-0e82ca99e932,4
13904082-3f98-417e-9e0f-6d9f33407f4b,0
5cf96612-b2f5-4633-ae75-203a1923e15f,4
c7c19dac-b230-4da3-9dc1-6ae4feff019f,0
4bcb3a76-9009-4afd-ad05-1f472e142dbe,0
13dfb209-722c-4582-b1e3-21a89fb898d6,0
581e7295-69f6-4c7f-8b29-bda206262682,4
7fe44b9f-2e5b-4af1-b92e-a51ee8104144,4
e4ce5046-7b95-4217-a8a5-68727a4623fd,0
affb1cc0-295a-4a7c-984b-c748c5e31eaf,0
4d1d7996-a0b5-4096-b390-248923575804,0
f4b6ab91-a8d0-4cb3-97b5-50bda996520e,4
c620323d-3104-47f2-b63b-3d1ccf3b69d3,0
e1111e01-6a0d-4478-aa7f-5846783da60a,0
955db39b-f2ab-43d3-807b-c8001c4c5aeb,4
69e27f60-e2a8-4dbc-9f1b-1f1f162c8bb9,0
64985b7b-f50f-4197-aae4-7b7ca8f2e11a,4
4f335fb9-178e-4c17-8933-c7d85c0c9d25,0
9690fe6f-6d6f-413c-8712-6cba24c1c0af,4
22a1e104-d871-4270-9ad4-9bc26d5ca248,4
023e9500-8271-4a1b-a9fd-7cb667059a2e,4
f2c81fec-075d-40be-afcb-bc3351fae6f2,4
4df40f1d-9c22-461b-b1f9-dcfc6a4db419,0
e5b882d4-9e59-4b26-86f5-32529f328a98,0
dc239a31-3c90-49f7-a41c-07dce449e423,0
f1082d5e-a800-4084-8a2b-37077759a851,4
834ae985-101e-4a88-acd8-0d3fedb9ecdb,0
b2d17e6e-5fd0-4797-abf9-c3dfa18a2dd5,0
18ff6a3f-ee6d-4753-8a5f-a7c11a4abe29,4
433d1066-4e27-4434-a50b-c3d6b1a0e7fb,0
bd3f0deb-cabc-4cf0-919f-aead8aa7c172,4
f2505f3d-956a-4cd2-a13b-1b254eb09147,0
56b0a8ca-6032-46db-a0ec-195161a67a5e,0
2753487a-f031-4cde-935a-ec4f685feb74,0
15fa874e-5393-4da8-888a-4b50da210ccd,0
20c8d23e-fbda-46a8-adcc-2d132c7ef73e,0
358ff1c5-0b7a-4c35-8f72-d71d347b8b9a,4
a4e96fea-c510-43df-ae10-2c61e97222d5,4
cf3b3787-b818-480c-84b0-008a6d64fd8c,4
261f3e80-c0ef-469e-920a-3419b3437272,4
a7caf234-9524-40f7-8066-a0f14d09978f,4
13968696-a392-408a-8561-e613a8e1a71e,0
25d905ce-9a75-4b71-a0a2-106076eb08fe,0
df3db2a0-e5a8-429c-bc02-1aeaa7678f00,0
2cdc5e43-8aaa-4646-8dfe-32187157e58e,4
6eba1475-4657-4b0b-bc9d-82932de36d5b,4
0350a685-4689-4792-9027-b8e71caba3e6,0
4f49b02a-d5c3-43bf-8b44-911bfde150bc,4
ce01220a-0ce2-4fec-91e9-39f7e77c8050,0
9bf0eea4-d234-4b37-a3c2-92b68940cb16,0
244de280-417d-47b3-afc2-e5f25928a968,0
fbe39d84-1080-4245-87b5-f0e96382f097,0
5c198653-0c42-4962-b2c3-56cf61de8a9e,0
b65a8ddd-49ae-450e-826d-eb650a84162a,0
19b9483f-fb7e-4fad-abe6-de00fb7e1331,0
3ce83d4c-f5ac-4ade-b5d6-8a9e44a0fd41,0
a8da560b-75dc-4057-be8e-68a81f710c89,4
170551a1-f0da-452d-b6ae-bc0d681bbca4,0
d224c94f-29b5-4bb3-bed5-73cfd17f93ae,4
46e3d7ac-84a2-4595-a6fc-b98552c485f7,0
73620c07-c723-4663-9abd-670b97c883ac,0
ae18e2c8-8540-4583-909a-568c3e594a3e,4
663958de-e8bb-4fa7-8801-4f543c7a1677,4
6ceaf299-8202-4590-bf51-493d0fc9ce6a,0
87705800-ca20-4657-9a62-0489fa91dbe5,4
5fadd230-5921-4281-ab23-e57e63651873,0
e22321ec-8780-4487-9a04-f24a8a6eee68,4
8d73d0f8-bb0d-4fda-9d48-761909bc0b1f,4
72842e07-22f0-4492-aea6-a132dc1e79fa,4
4f494767-2c25-4a6c-b4a0-cfb702172f83,0
e2cf0494-82e1-4a8c-a5b4-96d77a06af9f,0
9cf9d13d-874e-4dbf-a7f9-412a59e3130a,4
707716e5-03a2-4f15-91a8-68a74efa52b5,4
4b4f3bb1-7ae2-469e-a52a-fc97dbead1d1,0
e3569a18-1fc2-4e8f-b36e-d46dc2136707,4
8d55056d-bca4-4fb6-a6d1-0d74f53c055d,0
2c301458-ef6b-4d3c-95a8-8a5e42998e6a,4
aaaedb6c-c555-46a4-8b54-8dad751f07f8,0
4e33c3d7-2c4d-48ff-879b-d21d012d4d44,4
bdb571ea-2736-420c-8d8f-a67b66b86481,4
d56b9f3b-868b-4cc4-b3bb-34f8041544af,4
c33a3bfd-1a07-4bf8-a2eb-b5b355dbbc11,4
ca02c68f-fc57-45c4-bb8d-7b9340bd2635,4
ad69b2b2-c1a2-4b8a-b1db-3d4ff975488f,0
f260465a-1197-4f14-8697-166d2fde1f07,0
c435df5e-13dd-402b-9cdc-2c4486fc38d5,4
3d2070ca-febf-465a-97af-f2e6e6b52f4f,4
ed012ca7-b29f-438f-b57a-acbaeaa5a5c8,0
1996d168-5a73-44ef-8972-3e4853a59002,0
243fff4a-69e3-4975-8855-06fed5692bd0,0
44bc5010-69e0-476b-8e37-32cc9751fb06,0
23295821-8aaf-4d08-baa8-6066f9c6dd78,4
663d4569-9a21-4eb6-a54c-2deb6055791f,4
c6b1d63c-cf87-464f-9f78-3ffd7e3204c4,0
8af13be6-9c3a-489f-8dac-a392cb64e8dc,0
5a11be1e-4059-43a9-987b-270f8311855a,4
c2542579-4008-4d55-906a-da268cccdb9d,4
b831fec9-294e-4e5a-87af-b006d4214c1a,0
27d4c770-fb47-4fb4-9d17-c92f804f0028,0
a5a6ee63-e5b5-4093-b320-5a7bac2d44af,4
0d1bf5c1-463f-428f-b1df-8c731a4fc156,0
c57b404d-9ee9-4711-89df-7c9e1c27e2de,4
67417a47-0a05-43cd-a407-2e19114281e8,0
74f56c91-86db-429c-84e1-c2d4f878c026,4
ce52543f-2b05-480e-8adb-3d1d71f031d7,0
1f99f1ca-00fd-4537-a198-6c57e288550c,4
c8a4a108-360b-4da8-b3d6-b041461ca37e,0
502f75e1-6f21-4d47-a539-b1b0ebeb94dc,0
2143f753-40cf-457a-8b17-cd17e8b8f85a,4
4c5edda6-64c0-4939-8248-afc87f74cd48,4
5bbb3abb-0412-41c8-9b99-af680965a4c8,0
bac9e4b0-096d-4070-88f3-60772f0b3bdc,0
c1d91ce9-9335-48ce-9931-f960b3772c71,4
802835ad-c46b-4a5b-b03d-5d5d58f58c00,0
3c0cf392-a86f-400f-afe8-53c30cb552b3,4
16b0ec40-560a-4c6f-8ab4-de64f808419d,0
f612a8e4-0f69-4cc5-baaf-6d3e1f285c95,0
5b15ac23-186f-478b-85c6-afb469c4cb15,4
40593817-fae4-4590-940f-6919eaa55686,4
aad684b3-a4c2-4e00-8a60-8e2c667cb8c8,0
2a44fdd5-87f1-4939-bfa4-25906b376bc1,4
ae824876-684f-4a3f-b7aa-2791c4b807b7,0
63aa1624-f6bd-4b0e-a5cc-784f4f0796d8,0
7f1d72b7-cc5c-44f3-a074-ebf3899219a6,0
052ec3c9-c179-4d58-8232-1ebb1577d104,4
8e2ec3f7-ba4f-4569-9981-da282ff1bc69,0
a9306456-bdfc-440c-9a6a-6dee64013b43,0
6872f102-4b25-4332-bd61-2d7a2cf36d1c,0
9466761a-6683-40a1-a996-9b8d4b82a591,4
bced0d18-4404-4677-8ff4-5113c35938d5,0
ac39100c-a08f-45ca-b5de-759623d94dc8,0
1a11aefb-47ff-4155-8923-3b94e1a19090,0
d7b46e16-a397-4764-950d-9bd3814ec502,4
afa762ce-ed48-418a-80fd-b7f16c08c5d4,4
5f093a27-e549-40f2-9118-7a7f2f15875e,0
7ffed38c-445a-4792-8ad3-d6f8d9c54754,0
da35ab2e-09de-4a37-857a-fced05962260,0
ba345cfd-59d5-4c21-801a-c636b32c5452,4
f2e63c39-4e8d-4330-8d26-9cdeef4cada0,4
c553102c-f94c-4e5a-8150-44205c893675,4
211441e6-18c7-4b45-9aed-0c99d1cba25a,0
3cb9e322-75ef-4cf0-8dd1-df3d605ac5c5,0
675e818b-8220-4c46-8a23-e4d4e7e77ded,0
3f4ce7aa-0769-43d4-acb8-a93062703a02,4
5936a394-5686-4db1-9325-fde018aef43b,0
fce4f706-fde1-45ea-959f-eecdc05fb83f,4
f0a90822-34cf-4f2d-81d9-8dcb6638aebb,4
ba01acf2-b638-4e06-8dc7-82467095936d,4
0fcaf1eb-b404-4a4e-8f3e-d87813a41547,4
7e228f25-f3b2-439a-ad64-2d20c3e675a7,4
2b417282-536c-4cfc-a27f-2140003e2e65,4
b2bccd2c-dba7-4f20-b3e8-18139bcdd1bc,4
3f2382de-6aba-49e1-b4c2-fc4f0498e9ca,0
627efa2b-7c4c-4fa7-b8e2-44726bad6080,0
42092798-e1f3-4834-b866-8f6ab7242f9d,1
a6451c86-d853-49f2-afc6-fba8a0a6dc24,0
ec2f6e9f-f31d-4cd9-8f59-c28988b4def9,1
1912b1f5-6ce3-4835-94e6-21a645f7d33e,0
d8c2f03b-e238-4db2-8c72-0cb65967bc96,1
6d1bb4ea-a7f5-4c17-bd91-6de5f65b8e43,1
058234ec-a5b2-4227-b8ee-af6b0e32b820,0
1f518a9f-5dcf-4706-bd61-27941f46a9c9,1
d57cf856-1c77-4fdd-86a8-3e06dcb32cf2,1
77c51cd0-fd06-4f71-bbab-105c1398d9eb,0
436c4c00-ea8f-43ee-ae21-997011ed908b,0
0c593c3f-6636-4f0f-b9b1-f489c1cd3852,0
e9a07403-31eb-449f-9348-7b2dedb335e9,1
091ecbdf-602a-4198-99b5-1a465921d89f,1
733c802c-6707-411d-8c39-0d3fbd0ab076,0
a66069e9-d744-4ffb-8f4b-5df7b3ca5822,0
663274cb-3b81-4170-9d98-4ac5e57b57d5,1
5e8dd13d-835b-4dc4-9672-ff9f389e47e0,1
d503a719-a6d8-4ed5-824f-ef2ce037c44c,0
d5cd8e93-748d-4211-b2ee-9a6d19967f3c,1
b048f8d8-ee5f-4d38-ba3c-89a06eaf5c3c,0
c1faf956-f3a1-4acd-a698-fc185da341e6,1
7860035d-c9df-44e9-ba0e-0855dfad90f4,0
2092b60c-d25c-4773-b3a6-50dcaf0cef19,0
fa36d9ac-d5d1-4349-a9b7-2931cb20d86c,0
4b24f71c-2c53-40cd-85ef-5713c3caf7aa,1
bc673e32-bf5a-4713-a540-b8dfd404691f,0
cdd6b9de-0ade-4bc0-8d37-a0a24879313c,0
f00ba59e-9d68-4a8c-9ca2-3c9279d0ce39,1
4ce16337-66b0-4f4a-bbef-21181dbf8666,0
f6ffea60-7491-4e29-895a-9d8791f1d318,0
e3d93fbe-9364-4202-8760-4db1f52c1b71,1
3503ec28-82d7-4f1e-aaed-7b5e3d0d1252,1
ee325836-ca2b-4364-a876-6388fff8a270,0
94009f68-4033-4edc-ac58-76dfe98e43d5,0
0c859e54-b6ff-4ba7-94b8-7912a33278a1,1
42951684-df5c-4486-b27c-0bfe65bcfcf2,0
dad4ab3e-89cb-4ecd-80c4-c0da16688857,0
4f3c919a-0fdf-45e0-b32b-50bb5779287f,1
58949475-d0f6-4b92-b8c4-fdd07fc5d112,0
f248ea65-e585-4a05-96ac-a01652d46483,1
05137359-a055-489a-96e9-627501715140,0
81b1b583-7e2e-4d97-824f-5ae621cd634d,0
40760e79-71e8-4b9c-bd87-28cb0274cefd,1
5c3f0b86-27f6-4e9b-94c5-76e48a905620,1
71d26d5b-67c7-4a33-97a9-735512255d8f,1
fe5a862a-2e85-4b13-a065-46f6f94a552b,1
3954df4b-4445-459f-a008-556f45dc14c7,0
7b69e857-bb68-49cf-9c7e-3a8c8ee9d606,0
43bee466-0a9c-429f-bf1f-1cd4646f1421,1
f515aac6-f3d3-4356-8e4f-615add8e20cb,1
71c1f9c3-737b-4d77-9b74-b554b48f34bd,0
aa070cef-086b-409e-83e1-e2a1929ac953,0
8abf7688-c6bb-488f-bb9d-c359a5f86b35,1
b36e7d20-6ced-4441-8e9d-b7cc4a51013b,1
6aae9635-6979-4ff2-ba1c-18cbda90c812,0
ad6fae90-1008-44de-97ee-181b61f7acdb,0
e8901800-3638-4c47-a9b7-dd880321bffa,0
1fad8f57-de6c-4599-9ec2-374b65d7ddc1,1
3af0959a-d4b7-4715-bdb4-6b0b06f37082,0
0793e42f-dae2-47df-b314-34225384d33c,0
1e76e1d7-7f6c-4b32-a159-413b989dc0c7,1
775632be-4f1a-4e6f-b9da-64c7089b3d56,0
753a9aa3-89ae-41b1-bedc-dcbea58a6fe7,1
8718ef27-81d0-400c-8af6-c3a3f81fdc9e,0
5378a9c3-b18b-4b34-9b2e-dc365dfe2bde,0
82dc80ed-7af6-45e2-898e-d15c5c2cf4d0,1
ccc1415e-b60f-4e36-9d18-6336826348ec,0
a6fa0eea-ac17-4a4d-aba5-9b119300141f,0
36b751a3-ab74-4d9f-83b8-d6462ce3d1a9,0
20f11552-90c8-4d03-afc0-2f5c2a544838,0
5847b824-e125-4eff-980d-096529b90038,0
d5213519-483b-416e-9eaa-5b42ebb801d5,1
378f6bbb-32ba-4923-8e4f-4cf4ba2e6985,0
23e43ad7-84d7-4c98-a953-d7aaf534811c,1
21432a6e-c606-426f-bf06-e1191e9f0c1f,0
86ba1578-6f0e-4471-97bd-f7a58f272e2f,1
1137e5c7-bf66-448b-a834-89ffa9bf81f7,1
fe00b6e9-c2f5-45eb-9e07-30ce480744ea,0
b84487b8-5bd7-4504-894d-85845af28de1,0
21eaeb80-4b37-484e-a675-2933e5859945,1
db1f4aba-fbbb-4b02-96ea-b31fb0f0fdbe,0
4fbe32f8-feed-4cb2-83d2-38d16648a76a,1
853658d8-162c-4389-a606-6eb5d414ccd7,1
d584bcd1-bfd6-4db9-acd0-356a66f8601b,1
220207f0-5e58-4523-9004-8cb9e78c826e,1
9cb8f12b-572e-41dd-870f-219e9bc59fb3,0
1095910c-dd62-4d6d-b57c-00668181ff17,0
7d9044ca-6725-42c8-8ca6-856d61db4dc5,1
5f09c2b0-c406-40bc-8aa7-db587c402952,1
44856dce-0080-4d07-8cf3-cd116c191037,1
052a204e-429c-4a8a-9baf-f53e11b3e504,1
578e35c6-311b-49b5-b7b5-9c75cf113651,1
834018f4-ccdb-4688-8ec6-e82c49de6636,0
4dca397a-25b4-4b4c-a7ad-ddc0e0a63cd3,0
17dd0729-c6b2-405f-9257-abca4d511529,1
751bff7b-6676-488a-947b-62b036b0824f,0
53be357a-8219-4ea4-9562-82a20cff7e56,0
39b31fe7-e77b-4083-81cd-0eb1658b6ee3,1
ddbe0868-a598-41e5-a7c8-35c3688cd610,0
98436296-1bad-48f2-b74b-d054bf05361c,1
4ebedbb1-4eee-4fa1-8ee2-24ecf9761687,0
8bb948ec-8748-4f66-87b3-632337ca4302,0
36e11b88-40f3-4ca3-81c7-f429a00960cd,1
f7360dd9-0477-481d-8cd5-024f4fc51d1f,1
f638f4b7-7fde-4b8d-8659-5e296b9508f6,1
34ec467b-aed9-4e73-8a95-17292119b8c5,1
ba63d61f-537d-4360-a9b1-e8bdd76c65cc,0
